id,name
1,"Gällinge"
2,"Gällared"
3,"Lillhärad"
4,"Gunnarsjö"
5,"Köping"
6,"Gunnarp"
7,"Kärrbo"
8,"Grimmared"
9,"Kungsåra"
10,"Överjärna"
11,"Överenhörna"
12,"Östra Ryd"
13,"Österåker"
14,"Östertälje"
15,"Österhaninge"
16,"Össeby-Garn"
17,"Grimeton"
18,"Getinge"
19,"Ösmo"
20,"Förlanda"
21,"Frillesås"
22,"Fjärås"
23,"Falkenberg"
24,"Fagered"
25,"Enslöv"
26,"Ytterjärna"
27,"Hakarp"
28,"Ytterenhörna"
29,"Hagshult"
30,"Vätö"
31,"Västra Ryd"
32,"Gällaryd"
34,"Gryteryd"
35,"Västerhaninge"
36,"Värmdö"
37,"Gnosjö"
38,"Färgaryd"
39,"Väddö"
40,"Eldsberga"
41,"Fröderyd"
42,"Vårdinge"
43,"Eftra"
44,"Vidbo"
45,"Fryele"
46,"Drängsered"
47,"Frinnaryd"
48,"Ore"
49,"Nås"
50,"Norrbärke"
51,"Mora"
52,"Malung"
53,"Malingsbo"
55,"Lima"
56,"Leksand"
57,"Vaxholm"
58,"Vallentuna"
59,"Vada"
60,"Utö"
62,"Farstorp"
64,"Everöd"
65,"Norrfjärden"
66,"Emmislöv"
67,"Nedertorneå"
68,"Eljaröd"
69,"Nederluleå"
70,"Djurröd"
71,"Degeberga"
72,"Nederkalix"
73,"Båstad"
74,"Brösarp"
76,"Brönnestad"
77,"Korpilombolo"
78,"Järna"
79,"Idre"
80,"Husby"
82,"Gustafs"
83,"Grytnäs"
84,"Grangärde"
85,"Garpenberg"
86,"Gagnef"
87,"Borrby"
89,"Bolshög"
90,"Karl Gustav"
91,"Bollerup"
92,"Karesuando"
93,"Björnekulla"
94,"Benestad"
95,"Barkåkra"
96,"Junosuando"
97,"Ausås"
98,"Jukkasjärvi"
99,"Andrarum"
100,"Stråvalla"
101,"Jokkmokk"
102,"Öljehult"
103,"Folkärna"
104,"Steninge"
105,"Floda"
106,"Hortlax"
107,"Åryd"
108,"Stamnared"
110,"Stafsinge"
111,"Enviken"
112,"Spannarp"
113,"By"
114,"Snöstorp"
116,"Slöinge"
117,"Boda"
118,"Slättåkra"
120,"Släp"
121,"Avesta"
122,"Skällinge"
123,"Aspeboda"
124,"Hietaniemi"
125,"Ysane"
126,"Tving"
129,"Torhamn"
130,"Tjurkö"
132,"Gällivare"
134,"Edefors"
135,"Sturkö"
136,"Sillhövda"
138,"Rödeby"
140,"Skummeslöv"
141,"Östervåla"
143,"Arvidsjaur"
144,"Skrea"
145,"Ängsö"
146,"Arjeplog"
147,"Ringamåla"
148,"Sibbarp"
149,"Västra Skedvi"
150,"Rävinge"
151,"Västerås-Barkarö"
152,"Ränneslöv"
153,"Rolfstorp"
154,"Badelunda"
155,"Västervåla"
156,"Västerlövsta"
157,"Onsala"
158,"Västerfärnebo"
159,"Okome"
160,"Nösslinge"
161,"Örträsk"
162,"Ramdala"
163,"Åsele"
164,"Nättraby"
165,"Vännäs"
166,"Mörrum"
167,"Vilhelmina"
168,"Mjällby"
169,"Lösen"
171,"Tärna"
172,"Listerby"
173,"Sävar"
174,"Kyrkhult"
175,"Stensele"
176,"Kristianopel"
177,"Vittinge"
178,"Sorsele"
179,"Karlskrona"
181,"Karlshamn"
182,"Tärna"
183,"Kviinge"
184,"Kvidinge"
185,"Kristianstad"
186,"Knislinge"
187,"Kiaby"
188,"Järrestad"
189,"Ivö"
191,"Ivetofta"
192,"Ingelstorp"
193,"Bjuråker"
194,"Bergsjö"
195,"Arbrå"
196,"Alfta"
197,"Äppelbo"
198,"Älvdalen"
199,"Ål"
200,"Venjan"
201,"Ignaberga"
202,"Hörup"
203,"Hörröd"
204,"Hörja"
205,"Höja"
206,"Hästveda"
207,"Hässleholm"
208,"Häglinge"
209,"Våmhus"
210,"Huaröd"
211,"Vika"
212,"Hov"
213,"Transtrand"
214,"Torsång"
215,"Söderbärke"
217,"Särna"
218,"Säfsnäs"
219,"Svärdsjö"
220,"Svartnäs"
221,"Hjärsås"
222,"Hjärnarp"
223,"Hannas"
224,"Hammenhög"
225,"Gustav Adolf"
226,"Gumlösa"
227,"Gualöv"
228,"Gråmanstorp"
229,"Sundborn"
230,"Gryt"
232,"Grevie"
233,"Stora Skedvi"
234,"Stora Kopparberg"
235,"Sollerön"
236,"Silvberg"
237,"Siljansnäs"
238,"Rättvik"
239,"Orsa"
241,"Glimåkra"
242,"Överluleå"
243,"Glemminge"
244,"Överkalix"
245,"Gladsax"
246,"Förslöv"
248,"Färlöv"
249,"Färingtofta"
250,"Älvsby"
251,"Fågeltofta"
252,"Töre"
253,"Fjälkinge"
254,"Fjälkestad"
255,"Tärendö"
256,"Råneå"
257,"Finja"
265,"Oderljunga"
266,"Nävlinge"
267,"Näsum"
268,"Nymö"
269,"Nosaby"
270,"Norra Åkarp"
271,"Norra Strö"
272,"Norra Sandby"
273,"Norra Mellby"
274,"Munka-Ljungby"
275,"Matteröd"
276,"Maglehem"
277,"Löderup"
278,"Lyngsjö"
279,"Loshult"
280,"Linderöd"
281,"Köpinge"
282,"Källna"
283,"Kverrestad"
284,"Grolanda"
285,"Grevbäck"
286,"Gillstad"
287,"Färed"
288,"Fägre"
289,"Fåglum"
290,"Fyrunga"
291,"Fullösa"
292,"Frösve"
293,"Fröjered"
294,"Kullings-Skövde"
295,"Knätte"
296,"Sankt Sigfrid"
297,"Sandby"
298,"Räpplinge"
299,"Kinnarumma"
300,"Ryssby [Kalmar kommun]"
301,"Kinna"
302,"Runsten"
303,"Kilanda"
304,"Kalv"
305,"Järn"
306,"Järbo"
307,"Jällby"
308,"Istorp"
309,"Hössna"
310,"Högsäter"
311,"Rumskulla"
312,"Resmo"
313,"Persnäs"
314,"Pelarne"
315,"Oskarshamn"
316,"Oskar"
317,"Odensvi"
319,"Norra Möckleby"
320,"Mörlunda"
321,"Mörbylånga"
322,"Mönsterås"
323,"Målilla"
324,"Mortorp"
325,"Misterhult"
326,"Madesjö"
327,"Löt"
328,"Lönneberga"
329,"Långlöt"
330,"Långemåla"
331,"Långasjö"
332,"Loftahammar"
333,"Lofta"
334,"Locknevi"
335,"Ljungby [Kalmar kommun]"
336,"Köping"
337,"Källa"
338,"Kråksmåla"
339,"Kristvalla"
340,"Kristdala"
341,"Roasjö"
342,"Revesjö"
343,"Remmene"
344,"Redslared"
345,"Ornunga"
346,"Od"
347,"Kläckeberga"
348,"Kastlösa"
349,"Karlslunda"
350,"Kalmar"
352,"Högsrum"
353,"Högsby"
354,"Högby"
355,"Hälleberga"
356,"Grebo"
357,"Godegård"
358,"Gistad"
359,"Nössemark"
360,"Gammalkil"
361,"Nödinge"
362,"Furingstad"
363,"Nårunga"
364,"Norra Åsarp"
365,"Norra Säm"
366,"Norra Björke"
367,"Nittorp"
368,"Möne"
369,"Mårdaklev"
370,"Månstad"
371,"Fornåsa"
373,"Flistad"
374,"Atlingbo"
375,"Fivelstad"
376,"Ardre"
377,"Ekebyborna"
378,"Anga"
379,"Alva"
380,"Ekeby"
381,"Alskog"
382,"Drothem"
383,"Ala"
384,"Dagsberg"
385,"Akebäck"
386,"Börrum"
387,"Murum"
388,"Mossebo"
389,"Överum"
390,"Brunneby"
391,"Örsjö"
392,"Molla"
393,"Mo"
394,"Mjöbäck"
395,"Mjäldrunga"
396,"Marbäck"
397,"Magra"
398,"Länghem"
399,"Ås"
400,"Ålem"
401,"Blåvik"
402,"Åby"
403,"Björsäter"
404,"Västrum"
405,"Björkeberg"
406,"Bjälbo"
407,"Västra Ed"
408,"Västervik"
409,"Bankekind"
410,"Voxtorp [Kalmar kommun]"
411,"Askeby"
412,"Vissefjärda"
413,"Ask"
414,"Långared"
415,"Ljushult"
416,"Virserum"
417,"Asby"
419,"Ljur"
420,"Ljungsarp"
421,"Södra Åsarp"
422,"Liared"
423,"Lerum"
424,"Lerdal"
425,"Lena"
426,"Vickleby"
427,"Ventlinge"
428,"Vena"
429,"Ukna"
430,"Törnsfall"
431,"Tveta"
432,"Tuna"
433,"Laxarby"
434,"Torsås"
435,"Landa"
436,"Torslunda"
437,"Lagmansered"
438,"Södra Vi"
439,"Kölingared"
440,"Kölaby"
441,"Kärråkra"
442,"Källunga"
443,"Kvinnestad"
445,"Torrskog"
446,"Torp"
447,"Norra Skrävlinge"
448,"Torestorp"
449,"Norra Rörum"
450,"Toarp"
451,"Norra Nöbbelöv"
452,"Tisselskog"
453,"Nevishög"
454,"Mörarp"
455,"Timmele"
456,"Tarsled"
457,"Mölleberga"
458,"Södra Vånga"
459,"Södra Möckleby"
460,"Söderåkra"
461,"Stenåsa"
462,"Smedby"
463,"Segerstad"
464,"Normlösa"
465,"Vinnerstad"
466,"Mogata"
467,"Mjölby"
468,"Malexander"
470,"Ljung"
471,"Södra Ving"
472,"Munkarp"
473,"Linköping"
474,"Södra Säm"
475,"Mellan-Grevie"
476,"Lillkyrka"
477,"Södra Härene"
478,"Husie"
479,"Södra Björke"
480,"Maglarp"
481,"Sätila"
482,"Lövestad"
483,"Svenljunga"
484,"Surteby-Kattunga"
485,"Löddeköpinge"
486,"Sundals-Ryr"
487,"Långaröd"
488,"Strängsered"
489,"Lyngby"
490,"Stora Mellby"
491,"Ledberg"
492,"Kättilstad"
493,"Kärna"
494,"Källstad"
495,"Kvillinge"
496,"Kvarsebo"
497,"Kumla"
498,"Stora Lundby"
499,"Kullerstad"
500,"Steneby"
501,"Kuddby"
502,"Starrkärr"
503,"Solberga"
504,"Smula"
505,"Skölvene"
506,"Skållerud"
507,"Skogsbygden"
508,"Skepplanda"
509,"Skephult"
510,"Krokek"
511,"Kristberg"
512,"Konungsund"
513,"Klockrike"
514,"Kisa"
515,"Kimstad"
516,"Kaga"
517,"Järstad"
518,"Jonsberg"
519,"Skallsjö"
520,"Högby"
521,"Sjötofta"
522,"Siene"
523,"Sexdrega"
524,"Seglora"
525,"Sankt Peder"
526,"Sandhult"
527,"Rölanda"
528,"Häradshammar"
529,"Hällestad"
530,"Hägerstad"
531,"Hycklinge"
532,"Hov"
533,"Horn"
534,"Hogstad"
535,"Herrestad"
536,"Rännelanda"
537,"Herrberga"
538,"Rångedala"
539,"Heda"
540,"Råggärd"
541,"Rommele"
542,"Svensköp"
543,"Svedala"
544,"Svalöv"
545,"Stävie"
546,"Älvsbacka"
547,"Stångby"
548,"Älgå"
549,"Stora Slågarp"
550,"Stora Köpinge"
551,"Västra Ämtervik"
552,"Stora Herrestad"
553,"Västra Fågelvik"
554,"Stora Harrie"
555,"Väse"
556,"Hannäs"
557,"Hagebyhöga"
558,"Gärdserum"
559,"Gårdeby"
560,"Gryt"
561,"Hammarby"
562,"Haga"
563,"Gustavsberg"
564,"Grödinge"
565,"Gottröra"
566,"Färentuna"
567,"Stora Hammar"
568,"Frötuna"
569,"Stenestad"
570,"Frösunda"
571,"Stehag"
572,"Solberga"
573,"Snårestad"
574,"Slimminge"
575,"Skårby"
576,"Skurup"
577,"Skivarp"
578,"Skegrie"
579,"Fresta"
580,"Strå"
581,"Fasterna"
582,"Stora Åby"
583,"Estuna"
584,"Stjärnorp"
585,"Slaka"
586,"Ekerö"
587,"Skönberga"
588,"Edsbro"
589,"Skärkind"
590,"Edebo"
591,"Ed"
592,"Skänninge"
593,"Skeglinge"
594,"Skällvik"
595,"Djurö"
597,"Skeppsås"
599,"Skanör med Falsterbo"
600,"Skedevi"
601,"Skabersjö"
602,"Sjörup"
603,"Sireköpinge"
604,"Simlinge"
605,"Silvåkra"
606,"Saxtorp"
612,"Dalarö"
613,"Skeda"
614,"Bro"
615,"Sjögestad"
616,"Botkyrka"
617,"Simonstorp"
618,"Boo"
619,"Blidö"
620,"Björkö-Arholma"
621,"Sankt Anna"
622,"Rönö"
623,"Angarn"
624,"Sankt Ibb"
625,"Rök"
626,"Adelsö"
627,"Röstånga"
628,"Rystad"
629,"Rogslösa"
630,"Röddinge"
631,"Räng"
632,"Risekatslösa"
633,"Revinge"
634,"Reslöv"
635,"Remmarlöv"
636,"Oxie"
637,"Risinge"
638,"Rinna"
639,"Ringarum"
640,"Regna"
641,"Rappestad"
642,"Orlunda"
643,"Oppeby"
644,"Nässja"
645,"Ottarp"
646,"Odarslöv"
647,"Nykil"
648,"Norrvidinge"
649,"Borg"
650,"Norra Vram"
653,"Välluv"
654,"Lillkyrka"
655,"Lerbäck"
656,"Välinge"
657,"Vomb"
658,"Näsby"
659,"Kvistbro"
660,"Vollsjö"
661,"Virke"
663,"Villie"
664,"Kräcklinge"
665,"Viken"
666,"Ramundeboda"
667,"Vellinge"
668,"Knista"
669,"Veberöd"
670,"Kil"
671,"Norra Vi"
672,"Roslags-Bro"
673,"Rimbo"
674,"Riala"
675,"Ornö"
676,"Orkesta"
677,"Odensala"
678,"Närtuna"
679,"Nämdö"
680,"Vanstad"
682,"Nynäshamn"
683,"Vallkärra"
684,"Järnboås"
685,"Hällefors"
686,"Vadensjö"
687,"Hovsta"
688,"Uppåkra"
689,"Hjulsjö"
690,"Törringe"
691,"Hidinge"
692,"Tygelsjö"
693,"Hardemo"
694,"Tullstorp"
695,"Hammar"
696,"Trollenäs"
697,"Hallsberg"
698,"Trelleborg"
699,"Hackvad"
700,"Norrtälje"
701,"Norrsunda"
702,"Nacka"
703,"Mörkö"
704,"Möja"
705,"Muskö"
706,"Munsö"
707,"Götlunda"
708,"Markim"
709,"Tottarp"
710,"Torrlösa"
711,"Gällersta"
712,"Malsta"
713,"Gräve"
714,"Tolånga"
715,"Tofta"
716,"Grythyttan"
717,"Tjörnarp"
718,"Glanshammar"
719,"Tirup"
720,"Finnerödja"
721,"Sövestad"
722,"Fellingsbro"
723,"Sövde"
724,"Ervalla"
725,"Södra Åsum"
726,"Ekeby"
727,"Länna"
728,"Låssa"
729,"Lunda"
730,"Lovö"
731,"Lohärad"
732,"Ljusterö"
733,"Lidingö"
734,"Södra Åkarp"
735,"Edsberg"
736,"Kårsta"
737,"Södra Åby"
738,"Degerfors"
740,"Bo"
741,"Södra Sandby"
742,"Axberg"
744,"Asker"
745,"Södra Rörum"
746,"Södervidinge"
747,"Övre Ullerud"
748,"Östra Ämtervik"
749,"Särslöv"
750,"Säby"
751,"Östra Fågelvik"
752,"Östmark"
753,"Svenstorp"
754,"Järfälla"
755,"Ingarö"
756,"Hölö"
757,"Häverö"
758,"Håtuna"
759,"Håbo-Tibble"
760,"Husby-Ärlinghundra"
761,"Östervallskog"
762,"Husby-Lyhundra"
763,"Ölserud"
764,"Huddinge"
765,"Ölme"
766,"Himmeta"
767,"Hed"
768,"Harbo"
769,"Haraker"
770,"Gunnilbo"
771,"Fläckebo"
772,"Västanfors"
773,"Enåker"
774,"Hilleshög"
775,"Dingtuna"
776,"Björskog"
777,"Björksta"
778,"Berg"
780,"Längbro"
781,"Ödeby"
782,"Vintrosa"
783,"Taxinge"
784,"Västertälje"
785,"Söderby-Karl"
786,"Sånga"
787,"Sundbyberg"
788,"Stockholms-Näs"
789,"Viker"
790,"Spånga"
791,"Viby"
792,"Täby"
793,"Tångeråsa"
794,"Tysslinge"
795,"Tived"
796,"Svennevad"
797,"Stora Mellösa"
798,"Snavlunda"
799,"Sköllersta"
801,"Sorunda"
802,"Solna"
803,"Sollentuna"
806,"Skå"
807,"Skepptuna"
808,"Skederid"
809,"Skagershult"
811,"Singö"
812,"Rinkaby"
813,"Sigtuna"
814,"Ramsberg"
815,"Nysund"
816,"Norrbyås"
818,"Mosjö"
819,"Lännäs"
820,"Ljusnarsberg"
823,"Salem"
824,"Rö"
825,"Rådmansö"
827,"Roslags-Kulla"
832,"Kungs-Barkarö"
834,"Kung Karl"
835,"Kumla"
836,"Bro"
837,"Kolbäck"
838,"Kila"
839,"Karbenning"
840,"Irsta"
841,"Huddunge"
842,"Hubbo"
845,"Klinte"
846,"Hörsne"
850,"Hogrän"
851,"Hemse"
852,"Hellvi"
853,"Hejnum"
854,"Hejdeby"
855,"Hejde"
856,"Havdhem"
857,"Hangvar"
858,"Hamra"
859,"Halla"
861,"Hall"
862,"Hablingbo"
863,"Guldrupe"
864,"Grötlingbo"
865,"Gothem"
867,"Garde"
868,"Ganthem"
869,"Gammelgarn"
870,"Fårö"
871,"Fröjel"
872,"Follingbo"
873,"Fole"
874,"Fleringe"
875,"Fide"
876,"Fardhem"
877,"Etelhem"
878,"Eskelhem"
879,"Endre"
880,"Eksta"
881,"Ekeby"
882,"Eke"
883,"Dalhem"
884,"Bäl"
885,"Buttle"
886,"Burs"
887,"Bunge"
888,"Bro"
889,"Boge"
890,"Björke"
891,"Ormesberga"
892,"Odensjö"
893,"Nöttja"
894,"Nöbbele"
895,"Nottebäck"
896,"Moheda"
897,"Mistelås"
898,"Markaryd"
899,"Ljungby [Ljungby kommun]"
900,"Ljuder"
901,"Linneryd"
902,"Lidhult"
903,"Lenhovda"
904,"Lekaryd"
905,"Kånna"
906,"Kvenneberga"
907,"Kalvsvik"
908,"Jät"
909,"Härlöv"
910,"Härlunda"
912,"Hornaryd"
913,"Hjortsberga"
914,"Hinneryd"
915,"Herråkra"
916,"Hemmesjö"
917,"Hamneda"
918,"Hallaryd"
919,"Göteryd"
920,"Gårdsby"
921,"Granhult"
922,"Furuby"
923,"Ekeberga"
924,"Bolstad"
925,"Bollebygd"
926,"Blidsberg"
927,"Bergstena"
928,"Berghem"
929,"Dörarp"
930,"Dänningelanda"
931,"Dädesjö"
932,"Drev"
933,"Bolmsö"
934,"Blädinge"
935,"Bergunda"
936,"Berga"
937,"Berg"
938,"Asa"
939,"Arby"
940,"Algutsrum"
941,"Algutsboda"
942,"Österunda"
943,"Alböke"
944,"Österlövsta"
945,"Östra Torsås"
947,"Asklanda"
948,"Ärentuna"
949,"Ambjörnarp"
950,"Ör"
951,"Alingsås"
952,"Algutstorp"
953,"Ale-Skövde"
954,"Alboga"
955,"Ödsmål"
956,"Öckerö"
957,"Öjaby"
958,"Öja"
959,"Älmeboda"
960,"Älghult"
961,"Åseda"
962,"Växjö"
963,"Ytterby"
964,"Västra Torsås"
965,"Väckelsång"
966,"Valla"
967,"Vrå"
968,"Valbo-Ryr"
969,"Uddevalla"
970,"Ucklum"
971,"Tuve"
972,"Tossene"
973,"Torslanda"
974,"Torsby"
975,"Vittaryd"
976,"Vislanda"
977,"Virestad"
978,"Vederslöv"
979,"Uråsa"
980,"Urshult"
981,"Tävelsås"
982,"Torp"
983,"Tutaryd"
984,"Tjärnö"
985,"Traryd"
986,"Tegneby"
987,"Torpa"
988,"Tanum"
989,"Säve"
990,"Svenneby"
991,"Svarteborg"
992,"Styrsö"
993,"Strömstad"
994,"Stenkyrka"
995,"Bräcke"
996,"Brunflo"
997,"Borgvattnet"
998,"Tolg"
999,"Bodsjö"
1000,"Tjureda"
1001,"Tingsås"
1002,"Tegnaby"
1003,"Tannåker"
1004,"Söraby"
1005,"Södra Sandsjö"
1006,"Södra Ljunga"
1007,"Gällstad"
1008,"Gunnarsnäs"
1009,"Gullered"
1010,"Grönahög"
1011,"Grude"
1012,"Grovare"
1013,"Berg"
1014,"Grinstad"
1015,"Gingri"
1016,"Aspås"
1017,"Alsen"
1018,"Gesäter"
1019,"Alanäs"
1020,"Överlännäs"
1022,"Ådals-Liden"
1023,"Ytterlännäs"
1024,"Viksjö"
1025,"Stenbrohult"
1026,"Slätthög"
1027,"Skatelöv"
1028,"Sjösås"
1029,"Ryssby [Ljungby kommun]"
1030,"Pjätteryd"
1031,"Lista"
1032,"Lilla Malma"
1033,"Lid"
1034,"Lerbo"
1035,"Kärnbo"
1036,"Kjula"
1037,"Gestad"
1038,"Kila"
1039,"Fölene"
1040,"Kattnäs"
1041,"Färgelanda"
1042,"Fänneslunda"
1043,"Fuxerna"
1044,"Fullestad"
1045,"Fröskog"
1046,"Frändefors"
1047,"Vibyggerå"
1048,"Ullånger"
1049,"Fritsla"
1050,"Tåsjö"
1051,"Fristad"
1052,"Tynderö"
1053,"Tuna"
1054,"Trehörningsjö"
1055,"Torsåker"
1056,"Torp"
1057,"Timrå"
1058,"Sättna"
1059,"Katrineholm"
1060,"Jäder"
1061,"Julita"
1062,"Härad"
1063,"Hyltinge"
1064,"Husby-Rekarne"
1065,"Husby-Oppunda"
1066,"Helgona"
1067,"Fotskäl"
1068,"Helgesta"
1069,"Fors"
1070,"Helgarö"
1071,"Finnekumla"
1072,"Erska"
1073,"Erikstad"
1074,"Eriksberg"
1075,"Eggvena"
1076,"Edsleskog"
1077,"Dannike"
1078,"Hammarby"
1079,"Halla"
1080,"Dillnäs"
1081,"Gryt"
1082,"Gillberga"
1083,"Frustuna"
1084,"Forssa"
1085,"Dalum"
1086,"Fogdö"
1087,"Dalstorp"
1088,"Floda"
1089,"Dalskog"
1090,"Dals-Ed"
1091,"Böne"
1092,"Bäcke"
1093,"Brämhult"
1094,"Bråttensby"
1095,"Brålanda"
1096,"Sveg"
1097,"Sunne"
1098,"Sundsjö"
1099,"Stugun"
1100,"Ström"
1101,"Storsjö"
1102,"Rödön"
1103,"Rätan"
1105,"Revsund"
1106,"Fagerhult"
1107,"Eskilstuna"
1108,"Dunker"
1109,"Egby"
1110,"Bärbo"
1111,"Bälinge"
1112,"Dörby"
1113,"Döderhult"
1114,"Bogsta"
1115,"Blacksta"
1116,"Djursdala"
1117,"Dalhem"
1118,"Björnlunda"
1119,"Björkvik"
1120,"Böda"
1121,"Bettna"
1122,"Bäckebo"
1123,"Broddarp"
1124,"Bredared"
1125,"Bredsättra"
1126,"Borås"
1127,"Borgstena"
1128,"Gårdstånga"
1129,"Gylle"
1130,"Gudmuntorp"
1131,"Grönby"
1132,"Glumslöv"
1133,"Glostorp"
1134,"Gislöv"
1135,"Ragunda"
1136,"Oviken"
1137,"Genarp"
1138,"Offerdal"
1139,"Näskott"
1140,"Näs"
1141,"Nyhem"
1142,"Norderö"
1143,"Mörsil"
1144,"Bergshammar"
1145,"Myssjö"
1146,"Mattmar"
1147,"Borgholm"
1148,"Barva"
1149,"Blackstad"
1150,"Aspö"
1151,"Övergran"
1152,"Östuna"
1154,"Västra Vingåker"
1155,"Västermo"
1156,"Västerljung"
1157,"Vrena"
1158,"Vansö"
1159,"Vallby"
1160,"Vadsbro"
1161,"Tystberga"
1162,"Fulltofta"
1163,"Tunaberg"
1164,"Fuglie"
1165,"Tuna"
1166,"Fränninge"
1167,"Fru Alstad"
1168,"Frillestad"
1169,"Flädie"
1170,"Marieby"
1171,"Fleninge"
1172,"Marby"
1173,"Flackarp"
1174,"Lockne"
1175,"Lit"
1176,"Linsell"
1177,"Lillhärdal"
1178,"Laxsjö"
1179,"Kyrkås"
1180,"Klövsjö"
1181,"Kall"
1182,"Tumbo"
1183,"Trosa-Vagnhärad"
1185,"Torsåker"
1187,"Toresund"
1188,"Sättersta"
1189,"Fjärestad"
1190,"Svärta"
1191,"Härna"
1192,"Fjelie"
1193,"Sundby"
1194,"Hällstad"
1195,"Felestad"
1197,"Hålanda"
1198,"Farhult"
1199,"Håcksvik"
1200,"Everlöv"
1201,"Håbol"
1203,"Hyssna"
1204,"Eskilstorp"
1205,"Humla"
1206,"Esarp"
1207,"Hulared"
1208,"Ekeby"
1209,"Hällesjö"
1210,"Hudene"
1211,"Dalköpinge"
1212,"Hov"
1213,"Häggenås"
1214,"Håsjö"
1215,"Hotagen"
1216,"Hede"
1217,"Hammerdal"
1218,"Hallen"
1219,"Hackås"
1220,"Gåxsjö"
1221,"Stora Malm"
1222,"Stigtomta"
1223,"Stenkvista"
1224,"Spelvik"
1225,"Sköldinge"
1226,"Råby-Rönö"
1227,"Dalby"
1228,"Råby-Rekarne"
1229,"Horred"
1230,"Dagstorp"
1231,"Runtuna"
1232,"Horla"
1233,"Bösarp"
1234,"Ripsa"
1235,"Holsljunga"
1236,"Börringe"
1237,"Holm"
1238,"Bårslöv"
1239,"Hol"
1240,"Burlöv"
1241,"Hjärtum"
1242,"Bunkeflo"
1243,"Hillared"
1244,"Brågarp"
1245,"Herrljunga"
1246,"Brunnby"
1247,"Föllinge"
1248,"Frösö"
1249,"Hemsjö"
1250,"Bromma"
1251,"Frostviken"
1252,"Hajom"
1253,"Fors"
1255,"Näshulta"
1256,"Nyköping"
1257,"Nykyrka"
1258,"Mellösa"
1259,"Mariefred"
1260,"Lästringe"
1261,"Gärdhem"
1262,"Länna"
1263,"Knästorp"
1264,"Ed"
1265,"Kattarp"
1266,"Katslösa"
1267,"Dalby"
1268,"Jonstorp"
1269,"Brunskog"
1270,"Bro"
1271,"Ilstorp"
1272,"Igelösa"
1273,"Brattfors"
1274,"Höör"
1275,"Botilsäter"
1276,"Borgvik"
1277,"Bogen"
1278,"Hörby"
1279,"Lunda"
1280,"Ludgo"
1281,"Hököpinge"
1282,"Boda"
1283,"Blomskog"
1284,"Högseröd"
1285,"Högestad"
1286,"Bjurtjärn"
1288,"Arvika"
1289,"Hög"
1290,"Alster"
1291,"Hässlunda"
1292,"Öttum"
1293,"Härslöv"
1294,"Östra Tunhem"
1295,"Helsingborg"
1296,"Östra Gerum"
1297,"Hällestad"
1298,"Österplana"
1299,"Håstad"
1300,"Österbitterna"
1301,"Överhogdal"
1302,"Östersund"
1303,"Örslösa"
1304,"Håslöv"
1305,"Hyby"
1306,"Önum"
1307,"Hurva"
1308,"Öglunda"
1309,"Holmby"
1310,"Älgarås"
1311,"Hofterup"
1312,"Åsle"
1313,"Hemmesdynge"
1314,"Ås"
1315,"Yllestad"
1316,"Ängersjö"
1317,"Hedeskoga"
1318,"Vättlösa"
1319,"Älvros"
1320,"Vättak"
1321,"Åsarne"
1322,"Ås"
1323,"Åre"
1324,"Ytterhogdal"
1325,"Vemdalen"
1326,"Undersåker"
1327,"Tännäs"
1328,"Hassle-Bösarp"
1329,"Harlösa"
1330,"Hardeberga"
1331,"Hammarlöv"
1332,"Hammarlunda"
1333,"Halmstad"
1334,"Hallaröd"
1335,"Görslöv"
1336,"Gödelöv"
1337,"Gessie"
1339,"Säby"
1341,"Appuna"
1342,"Allhelgona"
1343,"Överselö"
1344,"Östra Vingåker"
1345,"Österåker"
1346,"Öja"
1347,"Ärla"
1348,"Gärdslöv"
1349,"Årdala"
1350,"Åker"
1351,"Ytterselö"
1352,"Norra Finnskoga"
1353,"Nordmark"
1354,"Nor"
1355,"Nedre Ullerud"
1356,"Millesvik"
1357,"Mangskog"
1358,"Långserud"
1359,"Lysvik"
1360,"Hjärtlanda"
1361,"Lungsund"
1362,"Bäve"
1363,"Lekvattnet"
1364,"Köla"
1365,"Kroppa"
1367,"Kila"
1368,"Karlstad"
1369,"Karlanda"
1370,"Järnskog"
1371,"Högerud"
1372,"Huggenäs"
1373,"Lyby"
1374,"Lund"
1375,"Holmedal"
1376,"Lomma"
1377,"Hammarö"
1378,"Lockarp"
1380,"Lilla Slågarp"
1381,"Gåsborn"
1382,"Lilla Isie"
1383,"Gustav Adolf"
1384,"Lilla Harrie"
1385,"Gunnarskog"
1386,"Gräsmark"
1387,"Lilla Beddinge"
1389,"Grums"
1390,"Lackalänga"
1392,"Kävlinge"
1393,"Glava"
1394,"Gillberga"
1395,"Källstorp"
1397,"Källs-Nöbbelöv"
1398,"Fryksände"
1399,"Kågeröd"
1400,"Frykerud"
1401,"Kyrkoköpinge"
1403,"Kyrkheddinge"
1405,"Kvistofta"
1406,"Eskilsäter"
1407,"Ekshärad"
1408,"Kropp"
1409,"Konga"
1410,"Eda"
1411,"Multrå"
1412,"Varnum"
1413,"Tveta"
1414,"Sankt Nicolai"
1415,"Sankt Per"
1416,"Sankt Olof"
1418,"Värmskog"
1419,"Vitsand"
1420,"Visnums-Kil"
1421,"Visnum"
1422,"Töcksmark"
1423,"Trankil"
1424,"Södra Ny"
1425,"Södra Finnskoga"
1426,"Säffle"
1427,"Svanskog"
1428,"Sunnemo"
1429,"Sunne"
1430,"Stora Kil"
1431,"Stavnäs"
1432,"Skillingmark"
1433,"Falköpings östra"
1434,"Sillerud"
1435,"Silbodal"
1436,"Segerstad"
1437,"Rämmen"
1438,"Rudskoga"
1439,"Ransäter"
1440,"Nyskoga"
1441,"Nyed"
1442,"Ny"
1443,"Norra Råda"
1444,"Norra Ny"
1446,"Hulterstad"
1447,"Hossmo"
1448,"Hjorted"
1449,"Halltorp"
1450,"Hallingeberg"
1451,"Hagby"
1452,"Gärdslösa"
1453,"Gårdveda"
1454,"Gårdby"
1455,"Gullabo"
1459,"Sankt Per"
1460,"Bälinge"
1461,"Gräsgård"
1462,"Glömminge"
1463,"Gladhammar"
1464,"Gamleby"
1465,"Förlösa"
1466,"Föra"
1467,"Fågelfors"
1468,"Frödinge"
1469,"Fliseryd"
1470,"Rödene"
1471,"Kestad"
1472,"Karlsborg"
1473,"Karleby"
1474,"Karaby"
1475,"Kävsjö"
1476,"Kärda"
1477,"Järpås"
1478,"Jäla"
1479,"Källeryd"
1480,"Jung"
1481,"Istrum"
1482,"Hömb"
1483,"Högstena"
1484,"Härlunda"
1485,"Härjevad"
1486,"Härja"
1487,"Händene"
1488,"Kållerstad"
1489,"Kulltorp"
1490,"Kråkshult"
1491,"Korsberga"
1492,"Karlstorp"
1493,"Jönköping"
1494,"Järstorp"
1495,"Järsnäs"
1496,"Hällum"
1497,"Jälluntofta"
1498,"Ingatorp"
1499,"Hällestad"
1500,"Häggum"
1501,"Häggesled"
1502,"Hångsdala"
1503,"Håle"
1504,"Håkantorp"
1505,"Hyringa"
1506,"Husaby"
1507,"Hovby"
1508,"Höreda"
1509,"Hässleby"
1510,"Hånger"
1511,"Hylletofta"
1512,"Huskvarna"
1513,"Hultsjö"
1514,"Hult"
1515,"Hova"
1516,"Hjälmseryd"
1517,"Hornborga"
1518,"Haurida"
1519,"Horn"
1520,"Holmestad"
1521,"Hjälstad"
1523,"Hasslösa"
1524,"Hassle"
1525,"Hangelösa"
1526,"Halna"
1527,"Hagelberg"
1528,"Habo"
1529,"Götlunda"
1530,"Göteve"
1531,"Götene"
1532,"Gösslunda"
1533,"Gökhem"
1534,"Gustav Adolf"
1535,"Gudhem"
1537,"Norra Kedum"
1538,"Norra Härene"
1539,"Norra Fågelås"
1540,"Naum"
1541,"Valinge"
1542,"Mölltorp"
1543,"Ullared"
1544,"Mularp"
1545,"Tönnersjö"
1546,"Mofalla"
1547,"Tölö"
1548,"Mo"
1549,"Södra Hestra"
1551,"Svenarum"
1552,"Tvååker"
1553,"Svarttorp"
1554,"Mellby"
1555,"Trönninge"
1556,"Stockaryd"
1557,"Medelplana"
1558,"Träslöv"
1559,"Stengårdshult"
1560,"Marum"
1561,"Torup"
1562,"Marka"
1563,"Torpa"
1564,"Mariestad"
1565,"Tjärby"
1566,"Söndrum"
1567,"Malma"
1568,"Längnum"
1569,"Längjum"
1570,"Sällstorp"
1571,"Låstad"
1572,"Svartrå"
1573,"Lyrestad"
1574,"Stenberga"
1575,"Skärstad"
1576,"Skirö"
1577,"Skepperstad"
1578,"Skede"
1580,"Luttra"
1581,"Rydaholm"
1582,"Lugnås"
1583,"Rogberga"
1584,"Long"
1585,"Locketorp"
1586,"Ljunghem"
1587,"Lindärva"
1588,"Lidköping"
1589,"Levene"
1590,"Lerdala"
1591,"Lekåsa"
1592,"Reftele"
1593,"Ramkvilla"
1594,"Nävelsjö"
1596,"Näshult"
1597,"Näsby"
1598,"Nye"
1599,"Nydala"
1600,"Leksberg"
1601,"Sandseryd"
1602,"Ledsjö"
1603,"Norra Unnaryd"
1604,"Lavad"
1605,"Laske-Vedum"
1606,"Larv"
1607,"Kälvene"
1608,"Källby"
1609,"Kållands-Åsaka"
1610,"Kyrkås"
1611,"Kymbo"
1612,"Norra Solberga"
1613,"Norra Sandsjö"
1614,"Norra Hestra"
1615,"Månsarp"
1616,"Myresjö"
1617,"Mulseryd"
1618,"Mellby"
1619,"Kvänum"
1620,"Kungslena"
1621,"Marbäck"
1622,"Korsberga"
1623,"Kinneved"
1624,"Kinne-Vedum"
1625,"Kinne-Kleva"
1626,"Högås"
1627,"Härryda"
1628,"Hålta"
1629,"Håby"
1630,"Gnarp"
1631,"Hogdal"
1632,"Färila"
1633,"Herrestad"
1634,"Forsa"
1635,"Hede"
1636,"Enånger"
1637,"Harestad"
1638,"Delsbo"
1639,"Malmbäck"
1640,"Långaryd"
1641,"Lommaryd"
1642,"Linderås"
1643,"Lemnhult"
1644,"Lekeryd"
1645,"Lannaskede"
1646,"Frösthult"
1647,"Fröslunda"
1648,"Forsmark"
1649,"Fittja"
1650,"Film"
1651,"Göteborg"
1652,"Faringe"
1653,"Enköpings-Näs"
1654,"Gullholmen"
1655,"Grinneröd"
1656,"Foss"
1657,"Forshälla"
1658,"Dragsmark"
1659,"Bärfendal"
1660,"Bro"
1661,"Enköping"
1663,"Aringsås"
1664,"Dannemora"
1665,"Annerstad"
1666,"Angelstad"
1667,"Danmark"
1668,"Dalby"
1669,"Aneboda"
1670,"Börstil"
1671,"Almundsryd"
1672,"Börje"
1673,"Agunnaryd"
1674,"Bälinge"
1675,"Brastad"
1676,"Öreryd"
1677,"Bred"
1678,"Bottna"
1679,"Ölmstad"
1680,"Bokenäs"
1681,"Ökna"
1682,"Björlanda"
1683,"Björketorp"
1684,"Bergum"
1686,"Askim"
1687,"Angered"
1688,"Boglösa"
1689,"Öggestorp"
1690,"Bladåker"
1691,"Ödestugu"
1692,"Björklinge"
1693,"Åsenhöga"
1694,"Biskopskulla"
1695,"Ås"
1696,"Balingsta"
1697,"Åker"
1699,"Alunda"
1700,"Våthult"
1701,"Altuna"
1702,"Övraby"
1703,"Alsike"
1704,"Vrigstad"
1705,"Ölmevalla"
1706,"Voxtorp [Värnamo kommun]"
1707,"Almunge"
1708,"Älvsåker"
1709,"Visingsö"
1710,"Älvsered"
1711,"Ås"
1712,"Årstad"
1713,"Ysby"
1714,"Värö"
1715,"Våxtorp"
1716,"Vinberg"
1717,"Vireda"
1718,"Villstad"
1720,"Valdshult"
1721,"Tånnö"
1722,"Vessige"
1723,"Norra Lundby"
1724,"Veinge"
1725,"Tranås"
1726,"Norra Kyrketorp"
1727,"Veddige"
1728,"Torskinge"
1729,"Varberg"
1730,"Vapnö"
1731,"Vallda"
1732,"Stala"
1733,"Spekeröd"
1734,"Alnö"
1735,"Solberga"
1736,"Österfärnebo"
1737,"Skredsvik"
1738,"Årsunda"
1739,"Skee"
1740,"Voxna"
1741,"Skaftö"
1742,"Valbo"
1743,"Sanne"
1744,"Undersvik"
1745,"Trönö"
1746,"Röra"
1747,"Rönnäng"
1748,"Torsåker"
1749,"Söderhamn"
1750,"Rödbo"
1751,"Tofteryd"
1752,"Södra Unnaryd"
1753,"Södra Solberga"
1754,"Sparrsätra"
1755,"Skäfthammar"
1756,"Skuttunge"
1757,"Smedstorp"
1758,"Skokloster"
1759,"Skånes-Fagerhult"
1760,"Skogs-Tibble"
1761,"Skepparslöv"
1762,"Simtuna"
1763,"Simrishamn"
1764,"Rasbokil"
1765,"Simris"
1766,"Rasbo"
1767,"Sankt Olof"
1768,"Råda [Härryda kommun]"
1769,"Söderala"
1770,"Ramsta"
1771,"Rörum"
1772,"Romelanda"
1773,"Röke"
1774,"Nysätra"
1775,"Resteröd"
1776,"Skog"
1777,"Partille"
1778,"Segersta"
1779,"Näsinge"
1780,"Högbo"
1781,"Norum"
1782,"Rogsta"
1783,"Naverstad"
1784,"Rengsjö"
1785,"Mölndal"
1786,"Ramsjö"
1787,"Myckleby"
1788,"Ovanåker"
1789,"Morlanda"
1790,"Ovansjö"
1791,"Morkarla"
1792,"Rya"
1793,"Löt"
1794,"Riseberga"
1795,"Läby"
1796,"Rinkaby"
1797,"Långtora"
1799,"Ravlunda"
1800,"Litslena"
1801,"Lillkyrka"
1802,"Ramsåsa"
1803,"Lena"
1804,"Perstorp"
1805,"Lagga"
1806,"Osby"
1807,"Mollösund"
1808,"Ockelbo"
1810,"Oppmanna"
1811,"Mo"
1812,"Norrbo"
1813,"Kulla"
1814,"Onslunda"
1815,"Marstrand"
1816,"Norrala"
1817,"Långelanda"
1818,"Njutånger"
1820,"Lyse"
1821,"Mo"
1822,"Los"
1823,"Lycke"
1824,"Lur"
1825,"Ljusdal"
1826,"Lommeland"
1827,"Jättendal"
1828,"Ljung"
1829,"Järvsö"
1830,"Knutby"
1831,"Knivsta"
1832,"Kalmar"
1833,"Järlåsa"
1834,"Jumkil"
1835,"Hökhuvud"
1836,"Härnevi"
1837,"Härkeberga"
1838,"Järbo"
1839,"Häggeby"
1840,"Lindome"
1841,"Lane-Ryr"
1842,"Ilsbo"
1843,"Hållnäs"
1844,"Landvetter"
1845,"Idenor"
1846,"Käringön"
1847,"Hög"
1848,"Kållered"
1849,"Kville"
1851,"Kungälv"
1853,"Krokstad"
1854,"Hille"
1855,"Klövedal"
1856,"Hedesunda"
1857,"Klädesholmen"
1858,"Hassela"
1859,"Husby-Sjutolft"
1860,"Husby-Långhundra"
1861,"Holm"
1862,"Hjälsta"
1863,"Harg"
1864,"Hagby"
1865,"Hacksta"
1866,"Gräsö"
1867,"Kareby"
1868,"Harmånger"
1869,"Gryta"
1870,"Jörlanda"
1871,"Hanebo"
1872,"Hamrånge"
1873,"Nianfors"
1874,"Gävle"
1875,"Själevad"
1876,"Ova"
1877,"Sidensjö"
1878,"Ottravad"
1879,"Selånger"
1880,"Otterstad"
1881,"Resele"
1882,"Odensåker"
1883,"Ramsele"
1884,"Näs"
1885,"Nätra"
1886,"Nykyrka"
1887,"Nordingrå"
1888,"Nora"
1889,"Norra Vånga"
1890,"Njurunda"
1891,"Norra Ving"
1892,"Giresta"
1893,"Funbo"
1894,"Össjö"
1895,"Örkened"
1896,"Örkelljunga"
1897,"Önnestad"
1898,"Äsphult"
1899,"Ängelholm"
1900,"Åhus"
1901,"Västra Vram"
1902,"Mo"
1903,"Långsele"
1904,"Västra Torup"
1905,"Ljustorp"
1906,"Liden"
1907,"Gudmundrå"
1908,"Junsele"
1909,"Indal"
1910,"Högsjö"
1911,"Hässjö"
1912,"Härnösand"
1913,"Älvkarleby"
1914,"Västra Sönnarslöv"
1915,"Åland"
1916,"Västra Karup"
1917,"Åkerby"
1918,"Västra Broby"
1919,"Yttergran"
1920,"Vä"
1921,"Västland"
1922,"Vånga"
1923,"Vittskövle"
1924,"Västeråker"
1925,"Vänge"
1926,"Vittsjö"
1927,"Vårfrukyrka"
1928,"Vitaby"
1929,"Häggdånger"
1930,"Villberga"
1931,"Visseltofta"
1932,"Holm"
1933,"Viksta"
1934,"Vinslöv"
1935,"Hemsö"
1936,"Helgum"
1937,"Haverö"
1938,"Grundsunda"
1939,"Graninge"
1940,"Gideå"
1941,"Fjällsjö"
1942,"Vendel"
1943,"Verum"
1945,"Vedby"
1946,"Vassunda"
1947,"Vankiva"
1948,"Valö"
1949,"Valleberga"
1950,"Vallby"
1951,"Vallby"
1952,"Vaksala"
1953,"Ullstorp"
1954,"Tåstarp"
1955,"Uppsala-Näs"
1956,"Gammla Uppsala"
1957,"Tåssjö"
1958,"Edsele"
1959,"Tuna"
1960,"Träne"
1961,"Ed"
1962,"Torsvi"
1963,"Tryde"
1964,"Dal"
1965,"Boteå"
1966,"Borgsjö"
1967,"Bodum"
1968,"Björna"
1969,"Bjärtrå"
1970,"Attmar"
1971,"Arnäs"
1972,"Trolle-Ljungby"
1973,"Torstuna"
1974,"Tolfta"
1975,"Tranås"
1976,"Tillinge"
1977,"Tosterup"
1978,"Tierp"
1979,"Torekov"
1980,"Tensta"
1981,"Tegelsmora"
1982,"Sörby"
1983,"Teda"
1984,"Södra Mellby"
1985,"Söderfors"
1986,"Strövelstorp"
1987,"Anundsjö"
1988,"Svinnegarn"
1989,"Stoby"
1990,"Stavby"
1991,"Stiby"
1992,"Södra Kedum"
1993,"Södra Fågelås"
1994,"Sävare"
1995,"Sätuna"
1996,"Säter"
1997,"Särestad"
1998,"Synnerby"
1999,"Sventorp"
2000,"Sveneby"
2001,"Suntak"
2002,"Starby"
2004,"Brandstad"
2005,"Bosjökloster"
2006,"Bosarp"
2007,"Borrie"
2008,"Borlunda"
2009,"Borgeby"
2010,"Bonderup"
2011,"Sunnersberg"
2012,"Bodarp"
2013,"Strö"
2014,"Blentarp"
2015,"Stenum"
2016,"Björka"
2017,"Stenstorp"
2018,"Sparlösa"
2019,"Slöta"
2020,"Slädene"
2021,"Öm"
2022,"Bjärshög"
2023,"Bjäresjö"
2024,"Bjällerup"
2025,"Bjuv"
2026,"Billinge"
2027,"Billeberga"
2028,"Barsebäck"
2029,"Skörstorp"
2030,"Bara"
2031,"Skärv"
2032,"Balkåkra"
2033,"Skälvum"
2034,"Baldringe"
2035,"Skånings-Åsaka"
2036,"Skeby"
2037,"Skarstad"
2038,"Skara"
2039,"Skalunda"
2040,"Skallmeja"
2041,"Sjogerstad"
2042,"Asmundtorp"
2043,"Ask"
2044,"Arrie"
2045,"Annelöv"
2046,"Anderslöv"
2047,"Allerum"
2048,"Sil"
2049,"Övraby"
2050,"Säbrå"
2051,"Segerstad"
2052,"Östra Vram"
2053,"Sånga"
2054,"Sandhem"
2055,"Östra Vemmerlöv"
2056,"Saleby"
2057,"Sundsvall"
2058,"Stöde"
2059,"Sal"
2060,"Styrnäs"
2061,"Rådene"
2062,"Stigsjö"
2063,"Råda [Lidköpings kommun]"
2064,"Ryda"
2066,"Skön"
2067,"Skorped"
2068,"Ransberg"
2069,"Skog"
2070,"Östra Tommarp"
2071,"Östra Sönnarslöv"
2072,"Östra Nöbbelöv"
2073,"Östra Ljungby"
2074,"Östra Karup"
2075,"Östra Ingelstad"
2076,"Östra Hoby"
2077,"Rackeby"
2078,"Östra Herrestad"
2079,"Östra Broby"
2080,"Österslöv"
2081,"Vilske-Kleva"
2082,"Velinga"
2083,"Varv"
2084,"Vartofta-Åsaka"
2085,"Varola"
2086,"Skarke"
2087,"Vara"
2088,"Valtorp"
2089,"Valstad"
2090,"Vad"
2091,"Uvered"
2092,"Utvängstorp"
2093,"Utby"
2094,"Undenäs"
2095,"Ullervad"
2096,"Ullene"
2097,"Ugglum"
2098,"Täng"
2099,"Tådene"
2100,"Tun"
2101,"Trökörna"
2102,"Trävattna"
2103,"Trästena"
2104,"Trässberg"
2105,"Tråvad"
2106,"Tranum"
2107,"Torsö"
2108,"Torbjörntorp"
2109,"Timmersdala"
2110,"Tidavad"
2112,"Kyrkefalla"
2113,"Tiarp"
2114,"Tengene"
2115,"Sörby"
2116,"Söne"
2117,"Södra Råda"
2118,"Södra Lundby"
2119,"Södra Kyrketorp"
2120,"Västra Gerum"
2121,"Västerplana"
2122,"Västerbitterna"
2123,"Värsås"
2124,"Väring"
2125,"Väla"
2126,"Vårkumla"
2127,"Vistorp"
2128,"Vinköl"
2129,"Ödeborg"
2130,"Äspered"
2131,"Ärtemark"
2136,"Aspö"
2137,"Asarum"
2138,"Östergarn"
2139,"Älekulla"
2140,"Öja"
2141,"Väte"
2142,"Styra"
2143,"Åsbräcka"
2144,"Ånimskog"
2145,"Västerhejde"
2146,"Åmål"
2147,"Västra Tunhem"
2148,"Västerlanda"
2149,"Vänga"
2150,"Vänersnäs"
2151,"Vänersborg"
2152,"Väne-Åsaka"
2153,"Västergarn"
2154,"Väskinde"
2155,"Vänge"
2156,"Visby"
2157,"Viklau"
2158,"Vamlingbo"
2159,"Vallstena"
2160,"Väne-Ryr"
2161,"Vall"
2162,"Vårvik"
2163,"Träkumla"
2164,"Tofta"
2165,"Vesene"
2166,"Varnum"
2167,"Upphärad"
2168,"Vist"
2169,"Ullasjö"
2170,"Tösse"
2172,"Tingstäde"
2173,"Sundre"
2174,"Stånga"
2175,"Stenkyrka"
2176,"Stenkumla"
2177,"Sproge"
2178,"Sjonhem"
2179,"Töllsjö"
2180,"Silte"
2181,"Töftedal"
2182,"Sanda"
2183,"Tärby"
2184,"Rute"
2185,"Tämta"
2186,"Tydje"
2187,"Tvärred"
2188,"Tunge"
2189,"Tumberg"
2190,"Trollhättan"
2191,"Tranemo"
2192,"Rone"
2193,"Roma"
2194,"Othem"
2195,"Näs"
2196,"När"
2197,"Norrlanda"
2198,"Mästerby"
2199,"Martebo"
2200,"Lärbro"
2201,"Lye"
2202,"Edsvära"
2203,"Dimbo"
2204,"Daretorp"
2205,"Dala"
2206,"Börstig"
2207,"Böja"
2208,"Bäreberg"
2209,"Lummelunda"
2210,"Lokrume"
2211,"Lojsta"
2212,"Linde"
2213,"Levide"
2214,"Lau"
2215,"Källunge"
2216,"Kräklingbo"
2217,"Åtvid"
2218,"Åsbo"
2219,"Å"
2220,"Bällefors"
2221,"Yxnerum"
2222,"Väversunda"
2223,"Bäck"
2224,"Brunnhem"
2225,"Broddetorp"
2226,"Broby"
2227,"Brismene"
2228,"Brevik"
2229,"Bredsäter"
2230,"Brandstorp"
2231,"Borgunda"
2232,"Västra Tollstad"
2233,"Västra Stenby"
2234,"Västra Ryd"
2235,"Västra Ny"
2236,"Västra Husby"
2237,"Västra Harg"
2238,"Västra Eneby"
2239,"Västerlösa"
2240,"Bolum"
2241,"Värna"
2242,"Björsäter"
2243,"Väderstad"
2244,"Björkäng"
2245,"Bjärka"
2246,"Bjärby"
2247,"Bjurum"
2248,"Bjurbäck"
2249,"Binneberg"
2250,"Berga"
2251,"Berg"
2252,"Vårdsberg"
2253,"Vårdnäs"
2254,"Vånga"
2255,"Vreta kloster"
2256,"Vist"
2257,"Vikingstad"
2258,"Viby"
2259,"Beateberg"
2260,"Veta"
2261,"Barne-Åsaka"
2262,"Varv"
2263,"Baltak"
2264,"Amnehärad"
2265,"Agnetorp"
2266,"Acklinga"
2267,"Öxnevalla"
2268,"Öxabäck"
2269,"Östra Frölunda"
2270,"Östad"
2271,"Vallerstad"
2272,"Jämshög"
2273,"Jämjö"
2274,"Vadstena"
2275,"Hällaryd"
2276,"Ulrika"
2277,"Hjortsberga"
2278,"Törnevalla"
2279,"Hasslö"
2280,"Tåby"
2281,"Gammalstorp"
2282,"Tryserum"
2283,"Trehörna"
2284,"Förkärla"
2285,"Örsås"
2286,"Fridlevstad"
2287,"Torpa"
2288,"Eringsboda"
2289,"Tjärstad"
2290,"Örby"
2291,"Öra"
2292,"Elleholm"
2293,"Ör"
2294,"Ölsremma"
2295,"Ödskölt"
2296,"Ödenäs"
2297,"Dagsås"
2298,"Breared"
2299,"Askome"
2300,"Asige"
2301,"Alfshög"
2302,"Abild"
2303,"Öved"
2304,"Tjällmo"
2305,"Edestad"
2306,"Bräkne-Hoby"
2307,"Tidersrum"
2308,"Backaryd"
2309,"Söderköping"
2310,"Augerum"
2311,"Sya"
2312,"Svinhult"
2313,"Svanshals"
2314,"Sund"
2315,"Forsheda"
2316,"Forserum"
2317,"Ununge"
2318,"Flisby"
2319,"Femsjö"
2320,"Täby"
2321,"Tyresö"
2323,"Edshult"
2324,"Tveta"
2325,"Östraby"
2326,"Turinge"
2327,"Dannäs"
2328,"Bälaryd"
2329,"Torö"
2330,"Östra Vemmenhög"
2331,"Östra Torp"
2332,"Bäckseda"
2333,"Östra Strö"
2334,"Östra Sallerup"
2335,"Östra Kärrstorp"
2336,"Östra Klagstorp"
2337,"Östra Karaby"
2338,"Östra Grevie"
2339,"Örtofta"
2340,"Bäckaby"
2341,"Båraryd"
2342,"Byarum"
2343,"Burseryd"
2344,"Bringetofta"
2345,"Bredestad"
2346,"Bredaryd"
2347,"Bottnaryd"
2348,"Örsjö"
2349,"Främmestad"
2350,"Örja"
2351,"Bosebo"
2352,"Bondstorp"
2353,"Önnarp"
2354,"Friel"
2355,"Öja"
2356,"Fridene"
2357,"Äspö"
2358,"Fredsberg"
2359,"Äspinge"
2360,"Forshem"
2361,"Ystad"
2362,"Forsby"
2363,"Västra Vemmerlöv"
2364,"Floby"
2365,"Västra Vemmenhög"
2366,"Västra Tommarp"
2367,"Flo"
2368,"Flistad"
2369,"Björkö"
2370,"Bellö"
2371,"Barnarp"
2372,"Barkeryd"
2373,"Bankeryd"
2374,"Askeryd"
2375,"Västra Strö"
2376,"Angerdshestra"
2377,"Flakeberg"
2378,"Anderstorp"
2379,"Västra Nöbbelöv"
2380,"Alseda"
2381,"Fivlered"
2382,"Västra Kärrstorp"
2383,"Västra Klagstorp"
2384,"Västra Karaby"
2385,"Falköping"
2386,"Essunga"
2387,"Västra Ingelstad"
2388,"Enåsa"
2389,"Västra Hoby"
2390,"Eling"
2391,"Västra Alstad"
2392,"Ekeskog"
2393,"Västerstad"
2394,"Ekby"
2395,"Almesåkra"
2396,"Adelöv"
2397,"Östra Tollstad"
2398,"Östra Stenby"
2399,"Östra Skrukeby"
2400,"Östra Ryd"
2401,"Östra Ny"
2402,"Östra Husby"
2403,"Ek"
2404,"Östra Harg"
2405,"Eggby"
2406,"Östra Ed"
2407,"Edåsa"
2408,"Morup"
2409,"Ljungby"
2410,"Tortuna"
2411,"Lindberg"
2412,"Torpa"
2413,"Landa"
2414,"Tillberga"
2416,"Säby"
2417,"Köinge"
2418,"Källsjö"
2419,"Svedvi"
2420,"Kvibille"
2421,"Sura"
2422,"Skultuna"
2423,"Kungsäter"
2424,"Örtomta"
2425,"Örberga"
2426,"Ödeshög"
2427,"Älvestad"
2428,"Skellefteå"
2429,"Nysätra"
2430,"Norsjö"
2431,"Nordmaling"
2432,"Malå"
2433,"Lövånger"
2434,"Lycksele"
2435,"Umeå"
2437,"Skinnskatteberg"
2438,"Jörn"
2439,"Krogsered"
2440,"Hörnefors"
2441,"Knäred"
2442,"Sevalla"
2443,"Kinnared"
2444,"Karl Gustav"
2446,"Rytterne"
2447,"Idala"
2448,"Romfartuna"
2449,"Hunnestad"
2450,"Ramnäs"
2451,"Odensvi"
2452,"Holm"
2453,"Hishult"
2454,"Norrby"
2455,"Holmön"
2456,"Fredrika"
2457,"Dorotea"
2458,"Degerfors"
2459,"Byske"
2460,"Bygdeå"
2461,"Burträsk"
2462,"Hasslöv"
2463,"Norberg"
2464,"Bureå"
2465,"Harplinge"
2466,"Nora"
2467,"Bjurholm"
2468,"Hanhals"
2469,"Möklinta"
2470,"Munktorp"
2471,"Halmstad"
2472,"Gödestad"
2473,"Medåker"
2474,"Pajala"
2475,"Piteå"
2476,"Holmsund"
2477,"Sollefteå"
2478,"Hälsingtuna"
2479,"Bollnäs"
2480,"Stora Tuna"
2481,"Ludvika"
2482,"Hedemora"
2483,"Säter"
2484,"Karlskoga"
2485,"By"
2486,"Färnebo"
2487,"Säterbo"
2488,"Skerike"
2489,"Västerås"
2490,"Malma"
2492,"Sala"
2493,"Nora"
2494,"Arboga"
2495,"Stockholm"
2496,"Bondkyrka"
2497,"Uppsala"
2498,"Arnö"
2500,"Almby"
2501,"Ånsta"
2502,"Örebro"
2503,"Eker"
2504,"Kumla"
2507,"Södertälje"
2509,"Kungshamn"
2511,"Malmön"
2514,"Vassända-Naglum"
2515,"Brunn"
2517,"Västra Frölunda"
2519,"Motala"
2522,"Vallsjö"
2523,"Nässjö"
2524,"Eksjö"
2525,"Vetlanda"
2526,"Ronneby"
2527,"Sölvesborg"
2528,"Södra Sallerup"
2529,"Malmö"
2531,"Övertorneå"
2532,"Linde"
2533,"Askersund"
2535,"Torshälla"
2536,"Flen"
2537,"Styrstad"
2538,"Tingstad"
2540,"Landeryd"
2541,"Gränna"
2542,"Vimmerby"
2543,"Järeda"
2544,"Nybro"
2545,"Hjo"
2546,"Tidaholm"
2547,"Ulricehamn"
2548,"Backa"
2549,"Våmb"
2550,"Ryd"
2552,"Hovmantorp"
2553,"Kungsbacka"
2554,"Laholm"
2555,"Norra Åsum"
2556,"Rebbelberga"
2557,"Väsby"
2559,"Eslöv"
2560,"Västra Sallerup"
2561,"Stora Råby"
2562,"Ekeby"
2563,"Spjutstorp"
2564,"Skarhult"
2565,"Landskrona"
2566,"Södra Vram"
2567,"Sandvik"
2568,"Tostared"
2569,"Värnamo"
2570,"Norra Ljunga"
2571,"Lönsås"
2572,"Veckholm"
2573,"Danderyd"
2574,"Skånela"
2575,"Bjursås"
2576,"Barlingbo"
2577,"Gerum"
2578,"Skövde"
2579,"Askum"
2580,"Gåsinge"
2581,"Kungs-Husby"
2582,"Norrköping"
2583,"Strängnäs"
2585,"Friggeråker"
2586,"Grava"
